{
  "loading_bay_20260322141635": {
    "image": "loading_bay_20260322141635.jpg",
    "x": 0.43162133771888744,
    "y": 0.7139599329379406
  },
  "lobby_metro_20260322141505": {
    "image": "lobby_metro_20260322141505.jpg",
    "x": 0.7035801760091546,
    "y": 0.637213336075174
  },
  "western_tunnel_20260322141342": {
    "image": "western_tunnel_20260322141342.jpg",
    "x": 0.537410947855098,
    "y": 0.5925735498131787
  },
  "central_corridor_20260322140928": {
    "image": "central_corridor_20260322140928.jpg",
    "x": 0.43992715165677926,
    "y": 0.10971142306869734
  },
  "assembly_workshops_20260322140821": {
    "image": "assembly_workshops_20260322140821.jpg",
    "x": 0.34924719632713985,
    "y": 0.04462523078133776
  }
}
